true_velocity,q10,q50,q90,interval_width
1.0,0.6343013,3.098783,4.9775863,4.343285
28.61516983748193,30.62531,34.92801,37.99388,7.3685703
70.89480481759925,65.45074,70.06609,75.09034,9.639603
26.34946087260684,22.11828,24.697731,28.236212,6.1179314
6.865102828113101,10.286554,10.669847,18.160883,7.8743286
25.444881617938638,17.790726,20.734371,23.766005,5.975279
57.71480000958952,55.278484,62.540806,67.71483,12.436344
52.47109328468707,42.82995,45.96168,51.405087,8.575138
85.47367257726529,74.85522,80.713005,88.39936,13.544144
29.121128203564947,33.14419,39.315727,43.669476,10.525284
20.945515533513188,16.109697,18.310152,21.689863,5.580166
1.644904587593678,1.3113697,2.9467516,5.153514,3.8421443
1.0,0.7169884,1.9894372,5.654632,4.9376435
37.03358375791145,35.446114,43.40917,47.85245,12.406338
75.54664513568066,64.86205,70.42516,78.933464,14.071411
42.6468771287222,38.05234,44.479183,50.236557,12.184216
37.54743393318765,34.245693,39.099567,45.90282,11.657127
1.0,0.067453295,2.132897,3.709527,3.6420736
24.40046998042033,17.225647,23.590431,25.641045,8.415398
14.252341509506063,17.208656,18.861546,22.947798,5.7391415
54.78264843665175,50.730797,55.593464,60.693077,9.96228
3.0,1.7423257,3.0583034,7.345989,5.6036634
88.95541101967478,73.86573,78.30788,88.48204,14.61631
9.59615903165295,6.6485124,7.857706,15.382073,8.733561
58.948302050521576,54.04884,57.335133,62.494904,8.446064
4.4945588924022735,3.004787,6.0592775,8.0491705,5.0443835
5.542191824985552,1.2579721,5.3373957,8.710127,7.4521546
27.61513864437393,16.58923,23.894878,27.468254,10.8790245
40.03349335949985,36.119087,40.972538,43.254257,7.13517
14.077148621163644,10.365021,13.996229,19.523134,9.1581135
94.04579184341708,84.006035,86.93017,94.76565,10.759613
39.84412042492131,36.905884,39.40057,46.924873,10.01899
33.53740017780105,21.989067,30.959957,34.37078,12.381714
18.956109991388495,17.009134,22.348782,24.329672,7.3205376
23.50002084930792,15.231419,18.775763,22.905977,7.6745586
58.17376238986657,57.26072,59.33304,67.20649,9.94577
39.080456232900445,31.292784,34.03195,40.99331,9.700525
1.0,0.48798242,0.43230498,1.7177248,1.2297424
43.906214627992206,40.557877,45.41479,53.1573,12.599422
79.37309188458244,73.90226,80.65858,90.15456,16.252296
43.51347084347013,39.11747,46.18758,50.48387,11.366402
26.28253863390092,28.824238,33.097424,39.528767,10.704529
8.316315033945049,5.7032647,8.424148,11.944611,6.241346
1.0,0.8097924,-0.07641864,-0.07124847,-0.8810409
42.71342065279384,41.469734,44.510914,49.966946,8.497211
49.15341529873051,42.47507,47.22462,53.97661,11.501537
13.576509957059836,13.998384,16.603268,19.48379,5.485405
1.0,1.6761822,1.7113262,4.837718,3.1615357
3.0,1.3996516,1.6188258,5.673287,4.2736354
53.71727669628213,40.877853,46.32925,52.99046,12.112606
81.58750621388113,72.22097,78.83189,85.41079,13.189819
3.0,1.5955585,1.3705462,4.4069905,2.811432
21.57574414798877,15.038194,19.085865,24.824003,9.7858095
60.22971202496153,59.413666,63.517513,71.00788,11.594215
74.30820485027556,69.37006,77.956635,85.42281,16.05275
22.032883480951543,21.217268,27.806118,34.238483,13.021215
83.96275567783084,75.66362,82.11315,91.911476,16.247856
16.47405471901862,8.591588,12.144743,13.7727785,5.1811905
19.478998804547583,13.128229,16.91672,18.47064,5.342411
18.419537642450237,16.214666,19.722275,23.459545,7.244879
38.12571629436929,27.5258,30.29308,33.81442,6.288618
1.0,0.4974622,0.57249844,4.8962083,4.398746
1.0,0.39250037,2.1077485,4.4539185,4.061418
76.49663449505955,81.09368,87.4654,95.29775,14.204071
69.81005639712981,62.157616,66.42776,69.88678,7.729164
99.40837548990838,85.537285,90.50143,96.81449,11.277206
60.31558328648797,57.887775,65.9433,68.77961,10.891834
45.03239471139748,37.749207,41.22842,45.963192,8.213985
1.0,1.2002927,3.3899317,5.058135,3.8578424
1.510643631191865,1.4071437,2.7888846,6.698394,5.29125
60.66524516298244,59.330154,62.767956,71.1234,11.793243
8.0995986913393,4.619107,8.1550455,11.926929,7.3078227
85.10343724101114,71.708534,79.11397,87.70124,15.992706
30.788940230452937,24.881563,30.41802,32.693447,7.811884
14.337492276342378,8.880407,9.9228115,14.620342,5.739935
50.820520044674765,44.885834,48.580215,51.081627,6.195793
98.645419588128,88.59063,92.321205,100.92302,12.33239
3.0,3.4437509,3.998332,7.103345,3.659594
40.98534406482665,41.93155,43.382034,50.414062,8.482513
24.399027423779568,18.989433,25.820301,28.99944,10.010006
66.39910560610848,58.698204,65.457466,71.32469,12.626488
4.252694177051925,3.3212073,5.874882,7.00963,3.688423
53.48271240927878,46.665325,51.648075,57.673943,11.008617
65.07488127215122,54.88655,62.91239,67.869736,12.983185
8.471550260751727,7.5888147,10.252254,13.008925,5.4201107
23.238745393139272,19.601446,23.72678,27.526104,7.924658
3.0,1.7294388,3.8791752,5.563322,3.8338833
5.137328779062885,0.30565622,5.241773,7.1109905,6.805334
52.56644914670663,43.58249,45.44193,49.374023,5.7915344
1.0,0.7944422,1.2494215,3.9437063,3.149264
32.37986706800881,27.166555,29.6968,29.981846,2.8152905
78.70664081519317,72.08911,73.66425,82.206215,10.117104
70.71150112914647,57.394493,64.36302,66.94466,9.550163
95.80878217310176,80.744225,87.66516,96.27654,15.532318
70.12666657642568,67.40125,74.30338,80.70068,13.299431
3.0,1.5147012,1.2128614,6.6860056,5.171304
26.52903724058187,21.483706,25.04979,29.40432,7.9206142
49.1196010091103,41.397774,44.455387,52.102016,10.704243
56.95537931605864,57.829494,62.85124,69.20653,11.377033
26.729997027931194,25.69799,24.799816,30.802608,5.104618
1.0,0.14993212,0.544628,3.0708566,2.9209244
1.2996271463038638,0.45692316,2.491839,4.7090936,4.2521706
23.84534732171542,19.863798,24.570862,28.035486,8.171688
74.49009971772543,61.330597,67.814476,75.23318,13.90258
37.91682746256763,35.325073,40.865765,46.718773,11.3937
19.166285472562432,19.425974,22.046444,23.707766,4.2817917
21.596882220689302,17.541895,19.087181,23.12077,5.5788746
58.31466319426068,57.70621,63.895317,71.13195,13.425739
1.0,1.0722504,0.79227185,3.4933949,2.4211445
32.90546977596728,29.33217,33.701912,35.918137,6.585966
14.522698395574327,10.219421,11.580297,15.47318,5.2537584
37.9134123522124,27.78061,32.287464,36.213017,8.432407
43.87286750537105,40.87213,47.66342,55.16082,14.288689
72.14437727184372,70.3674,73.611404,82.23399,11.866592
60.59890325296119,52.497128,57.33478,62.633797,10.136669
51.79248522458264,50.160515,55.839573,60.697994,10.537479
84.4195767872488,79.58338,84.42416,88.41107,8.82769
9.737286188527076,10.368827,10.927008,17.122202,6.753375
82.16698895864144,73.242195,77.32698,86.52634,13.284142
1.4845921119010164,0.18557224,3.4752913,4.500358,4.314786
49.23993077000734,41.17863,45.62916,53.066643,11.888012
32.73021001208727,31.705456,35.009857,40.79335,9.087894
40.0899165621669,35.704872,39.209045,44.182114,8.4772415
21.19727726665462,16.148346,18.778358,23.553713,7.405367
37.05971302237387,36.905357,39.402153,43.41123,6.505871
75.53686114210004,73.7512,78.299416,86.00961,12.258415
84.02762882159644,74.26597,78.17717,85.22738,10.9614105
15.11715518851062,7.523503,13.050499,17.961634,10.438131
38.83096916135017,38.90323,46.06564,50.097904,11.194675
49.385626454299874,42.245964,48.68607,53.636215,11.390251
6.564436238962067,5.6526384,8.914499,11.445393,5.792754
27.74374899403576,29.180788,27.556698,34.74174,5.560953
18.38143474023974,21.29988,22.896128,26.535248,5.2353687
1.0,-0.066364974,0.46121514,3.9448624,4.011227
47.502551656371935,39.59473,43.890686,44.987648,5.3929176
51.56101151521515,48.736435,51.16935,53.165886,4.429451
1.0,0.69290435,0.42029595,2.2911217,1.5982174
41.71093133818651,43.245106,49.05106,52.249447,9.004341
42.84654509222603,37.653275,43.76595,48.748676,11.095402
81.47892173443957,77.007545,84.82639,88.09018,11.082634
32.74865240218122,26.879059,31.127476,34.72911,7.850052
79.56885224589819,77.45774,83.16735,88.02713,10.569389
54.06773798417026,48.701904,56.406666,61.759613,13.057709
86.93980219298736,84.54095,89.4708,97.50703,12.96608
18.200505624827976,15.75311,17.603786,23.94953,8.19642
54.72330970782858,48.541916,56.293434,58.704567,10.162651
30.33419000383225,24.948374,30.206656,35.733032,10.784658
21.934098997087315,14.366994,18.179714,21.53988,7.172887
28.327699448196608,24.638762,29.611269,35.823463,11.184702
3.322632586602771,1.4863344,3.9424949,4.2676687,2.7813344
40.35242662675693,41.161224,42.70216,50.955975,9.79475
46.47823352910935,42.819954,48.263638,52.56402,9.744064
4.171965947176171,2.6412344,2.5405774,8.948728,6.307493
16.0353570218781,13.835002,17.989504,20.013865,6.1788626
1.0,0.59774286,0.102864146,2.1151066,1.5173638
8.904290449998706,7.742727,8.580337,11.67717,3.934443
34.47898614217643,29.310223,29.6992,33.522354,4.2121315
33.97386653173493,29.284924,33.91447,35.70335,6.4184265
55.733074999414576,44.68039,48.280735,54.3714,9.6910095
29.25469608817177,24.083231,29.4484,29.078726,4.995495
20.17869236630471,16.475164,19.871344,23.934103,7.4589386
31.73695639291283,26.007597,32.23389,34.85389,8.8462925
10.930102396257473,6.4315095,11.284176,14.416167,7.984658
8.116754911523067,7.951362,10.236062,13.531072,5.5797095
24.475790831034523,13.08566,20.443777,23.843431,10.7577715
3.0,0.5275231,3.081932,3.8530025,3.3254795
26.59187508733905,26.406935,28.811855,34.85214,8.445204
39.42957908121296,29.630108,36.160606,41.153336,11.523228
62.36222230778829,51.44641,58.81325,66.534294,15.087883
6.705499016283351,2.163444,3.6073303,8.066613,5.903169
59.22469083204597,57.88949,62.222855,69.08265,11.193161
22.769137853194792,20.920723,24.450119,31.785273,10.86455
29.163578922247687,25.879366,30.299324,34.18686,8.307493
89.11659426181912,80.24033,86.92896,92.14165,11.901314
3.8111427509533056,1.3470149,4.512866,7.9638834,6.6168685
38.44876997028186,36.70333,41.512917,45.08976,8.386429
15.020180628553073,15.472694,18.24649,22.07398,6.601286
99.8402815068237,93.114784,99.69814,106.26531,13.150528
32.106265926956134,17.978506,22.219395,26.135502,8.156996
1.0,0.39398062,0.14052463,1.7784524,1.3844718
10.123613915857884,6.5787606,11.425948,13.470077,6.891316
14.279987386094016,4.9408393,7.971649,12.97437,8.033531
91.60310144906508,78.30679,86.26159,93.95717,15.650375
26.218565318771454,20.821863,24.372467,29.103266,8.281403
1.0,1.3660821,2.5800047,4.815509,3.4494267
32.30069136411182,24.781763,27.761408,32.80757,8.025808
29.804334881861426,20.77442,23.939964,27.671722,6.8973026
39.9558116369256,29.636572,34.250195,40.629623,10.993052
36.343468680794814,30.146976,37.284885,40.934856,10.78788
18.36063102467937,11.792243,17.059534,21.442442,9.650199
48.0619167885804,40.500206,48.01412,54.02211,13.521904
36.92587366715176,35.29096,40.047527,48.01013,12.719173
21.201737461017213,14.431148,15.538205,20.11186,5.6807127
7.871744615113089,4.0559716,7.4298425,11.77085,7.7148786
22.726729676710484,24.594866,27.72329,35.1823,10.587435
5.745454848025827,4.805305,6.9061,11.81507,7.009765
32.833300053268275,32.84482,34.952503,41.74099,8.896172
1.0,5.657569,4.7789345,10.095401,4.437832
21.35242231712019,18.369545,19.356615,21.993496,3.623951
22.85431047094208,20.942507,25.495764,30.032537,9.090031
62.315418012947696,64.90208,68.93574,71.62557,6.7234955
80.2666333056428,71.22971,77.57511,79.46615,8.236435
33.46545668612035,27.005228,31.560116,38.406616,11.401388
9.663579080124236,9.120834,12.561077,14.719574,5.5987396
78.10000900770262,68.23223,76.13165,78.23091,9.99868
75.08946251476391,68.366615,74.252785,81.41088,13.044266
79.18502590574006,75.21903,80.87122,91.386955,16.167923
19.18444983483886,14.771259,19.52252,23.098915,8.327656
31.55554957417751,21.821032,26.317127,30.852705,9.031673
77.2393010801694,81.34377,88.92065,96.05253,14.7087555
1.0,0.5692587,-0.6785302,-0.06814879,-0.6374075
13.994517323000148,5.818436,10.580532,12.956571,7.1381345
49.083418717480576,44.757618,51.29995,57.765152,13.007534
42.1428304167121,36.07106,40.616127,48.723896,12.652836
61.935490649412095,60.37606,63.572906,67.409294,7.0332336
66.06536001699689,53.35481,59.189262,64.41776,11.062954
70.41625038085739,59.66929,68.46525,72.67042,13.001129
33.87401457035908,36.91818,39.290215,44.629295,7.711117
47.108156401088905,44.038486,48.139256,53.72838,9.689892
23.676800462044863,23.196882,27.44094,31.178358,7.981476
78.75265105274187,73.35522,76.22871,86.39144,13.036224
53.1293807043987,43.860874,47.12658,55.538734,11.67786
1.0,0.41284108,-0.842502,1.1922257,0.7793846
33.58931665834947,29.128664,32.92695,33.96945,4.840788
3.855169380412952,2.5536108,4.8328595,6.2608566,3.7072458
1.0,1.8456168,1.6076444,4.630419,2.784802
81.22611551744716,69.87191,73.85079,81.28312,11.411209
71.37038636325597,61.220955,67.86882,70.90309,9.682137
45.5999696408047,40.071808,46.20456,51.130093,11.058285
41.62385238122727,36.35401,40.033607,46.40291,10.048897
13.573069405538549,14.517122,14.861723,20.850988,6.333866
88.51957423176741,83.83434,88.71955,98.32494,14.490601
42.04461471529914,38.8415,43.602993,47.848114,9.006615
15.886226401742638,12.623995,15.819181,20.613094,7.9890995
49.33245424000744,39.972977,44.651806,48.121166,8.14819
36.232895913315865,34.28475,36.482403,43.206333,8.921581
15.128005260104182,9.09867,15.249914,18.26867,9.169999
1.0,1.6503316,1.8111864,4.566276,2.9159446
15.210058353680964,21.91989,15.302494,25.677526,3.757637
65.52734751828724,62.05487,65.352806,71.843216,9.788345
79.44351598937466,71.12916,75.0972,79.187744,8.058586
21.646541724889094,14.221508,18.175022,22.107723,7.886215
33.471853284146235,30.34973,35.771503,40.5254,10.175669
65.51121772586372,58.937637,63.720253,71.58068,12.6430435
47.049110100187136,36.77887,42.340267,45.34314,8.56427
6.122819269261591,3.410176,7.347003,10.275436,6.86526
7.862323378445556,5.116507,6.325544,9.670401,4.5538936
68.80155365357669,69.095146,72.875084,81.65662,12.56147
32.874129256708194,28.17787,32.374836,34.124947,5.947077
32.466616485934594,32.56405,36.862156,38.636475,6.072426
4.094155636336746,4.1308846,5.7568755,11.023995,6.8931108
90.01694139416989,75.79241,79.86065,89.89783,14.105415
22.970389277473988,19.62045,21.161314,28.281477,8.661028
3.0,1.4245564,3.4023666,5.4153795,3.9908233
70.57026733503467,68.30887,74.44834,79.70573,11.396858
36.72725348093957,37.297707,41.918934,46.6678,9.370094
8.610591447130897,2.3492818,6.570145,10.756337,8.407055
17.410382871445794,14.393475,17.690779,21.816755,7.4232807
89.6785696552967,85.8274,90.70835,101.10287,15.275467
22.28553753674699,13.8456,16.748661,19.956488,6.1108875
71.45343401840093,64.365944,68.84447,76.01644,11.650497
21.16098322625105,15.832035,18.394722,21.636797,5.804762
58.7247898893596,51.967617,59.348053,61.136505,9.168888
52.17304067701813,53.964005,56.82417,62.212284,8.24828
38.99482221269196,28.4988,32.79036,38.028275,9.529474
108.01634816271324,86.43575,91.6804,98.508545,12.072792
18.70201745508381,13.322487,18.784836,19.98539,6.662903
40.668027836071815,39.605183,45.17576,50.52925,10.924068
22.335564002041306,19.219648,22.69943,27.07556,7.8559113
8.97342649314353,6.9743,9.480766,12.990333,6.0160327
51.392854078638734,42.564777,48.30558,50.682907,8.11813
72.57871319356242,69.58816,75.20386,85.66219,16.074036
1.2303835065576578,1.4752252,4.6239185,7.107397,5.6321716
30.31524621381596,34.241673,37.796036,42.122337,7.880665
71.36127642429945,67.885445,74.799126,80.65139,12.765945
78.39477352006286,71.135864,75.92351,80.78165,9.645782
10.084265877200652,7.1463604,9.434444,14.610473,7.4641123
39.093001702733474,31.875631,36.770287,41.117733,9.242102
11.481362270046706,9.601466,12.792264,15.29307,5.6916037
19.50713602030776,16.279104,18.785646,21.233397,4.9542923
60.80008549976807,59.27645,60.426003,66.59351,7.3170624
13.9545815090976,11.131311,16.092052,18.899027,7.7677155
18.396849887236485,14.576969,19.634724,20.703527,6.1265583
73.91878628574676,68.35731,74.67165,84.17159,15.814285
40.74406445915992,34.779816,41.1112,39.316296,4.53648
2.19752780318252,-0.107717365,3.150106,9.96607,10.073788
36.05124134625999,36.909042,42.367054,48.40798,11.4989395
41.36403452672168,39.93056,44.615658,47.492615,7.5620537
76.88896893770243,72.4948,75.72147,85.35833,12.863533
40.06801084480635,35.222927,40.431633,43.019054,7.7961273
72.03977491673943,67.05915,74.87382,78.62119,11.562042
1.0,0.25171182,-0.3651111,1.7456164,1.4939046
35.973987277481584,34.67392,40.424145,44.284203,9.610283
35.273184225433084,34.97345,38.7663,42.580444,7.6069946
103.11840546364732,88.41847,95.11903,102.15833,13.739861
75.1131952013387,76.054726,82.15847,89.679146,13.62442
4.5146670200776615,3.0462577,6.004212,9.005141,5.9588833
92.38885289546428,84.1667,90.43868,98.73473,14.568031
70.4300510878593,60.54101,65.07441,70.49444,9.953426
1.0,0.2871708,0.053144574,0.9396216,0.6524508
7.462299783427498,5.0425854,2.2694354,9.973063,4.930478
15.601428693896242,13.589073,17.194656,21.461403,7.8723297
39.05397502098669,32.44724,34.5343,43.85241,11.40517
74.1911904946159,72.3787,78.140816,84.626625,12.247925
43.98721888754257,41.674633,48.16219,52.065544,10.390911
36.90084680859604,27.189192,32.373623,36.564945,9.375753
25.48451840935879,18.742697,22.648201,25.798296,7.055599
115.7284655072308,90.156715,98.23134,107.030464,16.873749
1.0,0.39568397,1.2506253,2.5086782,2.1129942
95.10527364858658,84.86455,95.114845,102.357376,17.492828
25.67902575153575,23.252792,27.4581,28.575739,5.3229465
65.05523908837768,52.53434,58.72747,65.18263,12.648293
22.728358198482365,20.338974,30.144556,32.109173,11.770199
49.53307125623313,44.1205,48.779514,53.63598,9.51548
44.20386947067061,37.808456,40.33523,49.076168,11.267712
3.1497350447536947,1.9828871,4.2638702,5.964034,3.9811468
31.634041393998075,23.154,31.922375,35.45755,12.303551
22.15186908592376,18.430956,20.64398,23.14396,4.713005
3.0,3.0771487,3.2804766,6.272462,3.1953132
15.017551652549846,10.59592,15.341037,19.480032,8.884112
78.82024286295726,73.2662,79.78527,85.21978,11.953583
61.645873913614906,56.246414,62.57884,66.37023,10.123817
13.113428362744315,6.957438,9.869308,11.74272,4.7852817
36.7991471251027,29.367184,33.358517,39.400078,10.032894
37.01625809405807,28.95868,32.566856,38.521675,9.562996
18.78069654568078,13.534086,13.565191,17.676994,4.142908
13.306489342521736,11.560196,10.958786,14.8527,3.2925043
12.989284762575002,4.7101927,7.374633,13.167634,8.457441
1.0,0.5267648,1.1710978,1.8447852,1.3180203
16.9875441499618,13.060177,17.493065,20.191881,7.1317043
16.119857652148745,14.048487,19.096254,18.672895,4.6244087
1.0,0.60028195,-0.32473695,1.9197226,1.3194406
23.235522835186643,17.872974,16.338978,22.774801,4.901827
80.37694823622397,72.19659,76.24858,81.505165,9.3085785
96.16933123045204,80.36072,86.84842,95.281525,14.920807
5.448248876524536,2.0295537,4.1486154,6.6128826,4.583329
3.0,1.9581546,1.7276043,3.5465426,1.5883881
69.33763552650387,63.981853,68.876595,77.02465,13.042797
14.867958855683632,10.758443,13.08788,18.188158,7.429715
76.07531994714508,70.69247,75.28647,82.39071,11.698242
27.98057310006969,24.538424,28.249046,35.052456,10.514032
12.033070724039275,7.9489036,12.409688,16.859972,8.911068
18.49639742166564,17.013725,19.65651,21.68181,4.668085
18.69570326688816,15.315699,17.04007,22.762812,7.447113
4.6834363392315055,3.7133136,6.0322833,9.743699,6.0303855
39.99249708344648,26.460491,28.68668,31.660566,5.200075
12.387679199359123,6.74628,11.045796,13.655721,6.9094405
63.49533355243875,64.76272,68.133575,73.22396,8.461243
1.0,2.1253915,3.2371736,6.468215,4.3428235
23.809055073434603,22.92908,24.880423,30.318691,7.389612
2.964827913892352,3.4406314,5.329812,11.953052,8.512421
38.43840104036293,29.371939,33.751743,40.012207,10.640268
1.0,0.13650164,-0.9621855,-0.01768452,-0.15418616
22.036935961256408,20.038807,24.760876,29.742445,9.703638
48.90040285169259,39.559547,43.215363,47.583076,8.023529
53.66742890908895,48.323498,53.728024,58.495987,10.172489
58.10794764157133,53.95816,57.231407,60.808945,6.8507843
65.56784084532538,58.96559,66.38787,70.89498,11.92939
19.858103707139453,15.998927,20.621796,23.896471,7.897544
30.520410379767597,29.49117,35.718754,43.30385,13.812677
78.4742637711982,77.30982,80.10209,89.53539,12.225571
1.0,-0.6251389,1.3481371,3.0722067,3.6973457
7.881483897826373,5.2831073,6.0949,6.017292,0.73418474
41.7439876080305,38.57188,40.620182,42.597496,4.0256157
78.41408082620758,71.98923,76.44335,84.13624,12.147011
81.41837054298084,81.24968,87.540016,95.735886,14.486206
7.123687307762888,6.680527,9.132932,14.308029,7.627502
51.183906349613686,54.308365,58.97164,61.473537,7.1651726
10.870506023697622,2.117096,5.782707,9.08233,6.965234
34.02183202756871,25.986513,29.661245,35.67196,9.685446
72.10474347423498,69.554054,78.33399,82.781334,13.22728
29.07109854224167,21.962519,27.277828,30.058638,8.096119
70.07842981686817,69.32053,76.6913,82.05897,12.738434
2.432374024217397,2.8391542,5.23878,7.5773864,4.738232
3.0,0.15175238,0.3016665,3.0757785,2.924026
79.75189017595902,74.76186,82.6529,88.90734,14.145477
27.23911138859505,28.45387,34.70659,39.01265,10.558779
73.28710076768016,70.49908,76.09156,80.83041,10.331329
3.0,2.9541492,3.5783997,5.347501,2.3933516
1.0,1.3577548,2.9069328,4.9736104,3.6158557
67.02620678146107,62.55452,70.721245,75.16934,12.614822
1.0,2.2312152,2.9942913,5.8962064,3.6649911
107.607849505698,89.36116,95.51465,103.524376,14.163216
1.0,1.0680356,1.3253815,3.7654161,2.6973805
24.44281968485918,14.36352,19.694006,25.178205,10.814686
26.18313805025436,26.318077,30.997513,33.45878,7.1407013
26.823149038069623,28.672995,29.17318,34.461777,5.788782
21.656723406121586,19.334265,21.038254,26.1777,6.8434353
32.6209344471646,26.483946,29.041788,29.721334,3.2373886
54.13012819833337,42.733925,48.2859,55.150345,12.41642
30.147343553260804,22.528103,26.240025,31.448793,8.920691
9.161830159462458,5.100729,9.301521,16.448574,11.347845
59.61145597521575,52.957626,57.772667,66.73536,13.777733
8.789176418197355,8.541706,8.89971,13.892896,5.3511896
51.75674072354311,45.8356,51.26253,55.79489,9.95929
35.24581490779211,22.452694,28.081482,31.822363,9.369669
61.232046917620586,53.054882,58.303825,61.866524,8.811642
5.626401276047486,5.6366086,6.59244,11.653707,6.017098
24.499248676886257,23.827822,26.94633,30.37442,6.5465984
1.654219714031931,1.8829927,2.717433,5.626417,3.7434244
26.301179340733327,18.971544,21.20054,24.790606,5.8190613
23.44105850851972,20.280413,20.533352,23.949389,3.6689758
82.20157438314811,71.97077,76.03726,82.10597,10.1352005
54.99182827512786,46.83219,51.520664,55.49747,8.665279
44.48171506661976,41.667202,47.47844,49.545067,7.877865
5.137529859792206,2.3593807,6.722368,10.621224,8.261844
65.07616526240483,65.46523,69.83372,74.71081,9.245575
95.0017003359108,85.900406,91.22277,97.57603,11.675621
107.6506234831903,96.05474,102.13076,109.355354,13.300613
33.704993100608256,32.50976,35.376797,39.216446,6.706684
41.5682804855016,38.085968,41.22485,48.79901,10.713043
18.5858666055812,17.594522,20.382051,25.50575,7.911228
55.967052437552375,49.08125,51.097225,56.421616,7.3403664
36.0717483058959,34.533524,37.437836,43.32418,8.790657
54.9825426858022,49.62446,49.91756,56.912235,7.287777
1.0,0.6287621,1.5923456,3.198915,2.5701528
91.7112922249029,86.815285,94.08864,99.087685,12.2724
56.63579455303715,57.96134,65.5196,70.37232,12.41098
1.0,0.70094407,2.337,4.5503216,3.8493776
3.0,0.68212676,4.5458374,7.4309626,6.7488356
5.082952714982874,2.1913977,4.21786,7.7490478,5.55765
44.55771832297852,43.007942,48.31744,54.9338,11.925858
1.0,0.45667568,2.2508922,2.340558,1.8838824
72.03153026676272,67.52531,69.12406,75.6096,8.08429
58.55125479406149,56.60079,63.080624,66.81753,10.21674
3.4737946705868525,4.228811,9.118382,13.470273,9.241463
56.22204035138797,49.906876,55.086887,58.661495,8.75462
68.10487588320466,63.533913,68.17521,76.295296,12.761383
82.97925237628003,74.33297,81.483894,87.7813,13.448334
48.673444550761225,39.31743,42.382324,47.765778,8.448349
42.43695695365004,36.100723,42.520763,46.253723,10.153
5.647106813958265,7.68456,7.9890084,12.156121,4.4715614
44.36182881140811,39.546608,43.362873,49.939663,10.393055
52.34492884400853,45.61738,52.225864,58.061523,12.444145
44.01696781230368,37.011486,40.034893,46.61865,9.607162
78.58338103685458,69.7743,77.87477,83.63615,13.861847
4.235014069747834,2.4783683,5.454874,8.615108,6.1367393
90.78167672202896,81.733055,87.47941,93.837296,12.10424
1.8877775496395324,1.7740161,2.5215101,3.4399552,1.6659391
6.06191609950494,3.0073,5.08131,9.490302,6.483002
1.0,0.31743428,2.6806278,4.649313,4.3318787
3.0,1.4340254,1.6807231,3.8337133,2.3996878
55.44975833945248,48.98874,54.14437,62.174545,13.185806
37.66179349837535,35.13639,37.29049,41.616352,6.4799614
30.2195116147266,23.85271,27.535614,33.76374,9.91103
16.221623215097807,10.194685,13.050833,17.523157,7.328472
4.607632628558799,4.101898,7.1819324,10.002805,5.9009066
8.906589340547422,5.279591,7.585595,8.380603,3.1010118
27.8123472242668,25.471169,28.94259,33.822884,8.351715
12.377819663461707,10.011853,15.205906,18.377108,8.365254
16.815839265911627,22.441751,25.801662,31.369009,8.927258
54.60207994910908,46.593666,54.575836,55.7312,9.137535
11.460901386964045,12.100828,10.863761,14.996865,2.896037
27.123613975811928,27.430048,32.884487,38.699566,11.269518
19.79830685242625,13.041441,17.602127,23.783579,10.742138
86.7673420135259,74.998085,82.10312,88.61136,13.613274
71.42576229380322,59.691124,65.1245,74.00748,14.316353
40.02581626471885,36.46059,40.40536,44.469738,8.009148
21.502305015529885,13.65593,17.594463,21.68447,8.02854
60.14587362711913,61.141663,64.85692,69.53163,8.389969
82.80870411157115,76.594444,81.77448,87.68527,11.090828
36.87161126033884,27.26438,32.343136,35.205433,7.9410534
105.25485874624133,88.38932,96.11768,106.39764,18.008316
70.81317747286482,73.38943,78.96369,88.858345,15.468918
55.90037352286585,55.11965,60.57962,67.21777,12.098122
83.58821071335191,78.16295,83.11495,91.74966,13.586708
94.61319799111492,79.77919,84.28286,90.31066,10.531471
11.856041644673551,5.7780075,10.481246,12.151095,6.373088
65.7909232083538,61.3473,64.83264,68.60746,7.2601585
18.95887346002536,15.985413,20.55291,24.644,8.6585865
43.58358266624618,35.278477,41.464954,44.132927,8.85445
96.14897328121695,76.18618,83.90089,91.47061,15.284431
85.12698207737802,81.28363,85.95156,94.022575,12.738945
80.68907815998433,73.14086,83.118935,88.6298,15.488937
80.14022625604666,88.32867,89.26244,97.14869,8.820023
81.9203524838315,86.739334,93.04013,103.07021,16.33088
72.69887232515201,65.83797,70.9114,75.17388,9.335915
65.5651571801537,60.91713,64.24594,65.85191,4.934784
1.0,1.0438682,1.5292736,3.1473737,2.1035056
8.4505652257324,6.682933,7.3487597,14.075164,7.392231
54.75053161377839,53.850212,58.266655,63.9588,10.108589
77.43414384760607,65.748886,71.00263,78.44788,12.6989975
12.462631278574968,8.777543,11.041056,14.764726,5.9871826
1.0,0.3075525,0.3003708,1.6754699,1.3679174
15.899158586863903,11.914567,11.668124,18.704317,6.78975
38.54478757168905,32.415577,38.100147,42.509754,10.094177
51.252468941654506,47.433838,52.855896,59.792526,12.358688
61.66603728439994,54.236874,57.51839,64.25782,10.0209465
87.9959310615276,83.59263,88.59748,99.51149,15.918861
5.789833267699365,4.837751,7.1276636,9.8082905,4.9705396
48.33520303550037,46.568047,50.853146,54.30791,7.7398643
23.778794683766428,22.349457,27.795769,31.429426,9.079969
69.16239231149468,70.38703,74.33128,81.969154,11.582123
23.834589797681137,27.14924,25.86841,27.105818,-0.0434227
92.8465849839351,86.09705,90.05787,94.786156,8.689102
3.0,3.3115535,4.690056,6.616077,3.3045235
56.42869947509884,52.427135,57.253387,64.72834,12.301205
12.424569332337164,10.420567,12.244958,15.783312,5.3627453
17.015013849540463,11.165937,11.408502,19.042042,7.8761044
86.69094502295323,82.22332,89.99625,96.01042,13.787102
29.743774550184558,29.329798,32.41856,36.333607,7.003809
16.423866846130405,12.957964,15.920311,19.19129,6.233326
25.299914830399505,17.556486,22.876245,28.60435,11.047863
10.039314331145905,5.578894,9.877064,14.703879,9.124985
3.0,1.8933538,3.5554032,5.282679,3.3893251
36.66003264487033,26.153994,30.604486,33.642933,7.4889393
1.0,0.9436021,1.789119,3.3572438,2.4136417
56.11656752684947,48.373905,54.398434,60.44981,12.075905
3.878023367016732,1.9919661,4.5035152,6.6697054,4.677739
34.86196533455802,27.809101,33.32945,37.21502,9.405918
28.888135484003563,24.310225,29.06836,32.46201,8.151785
1.0,0.72474635,1.6257457,3.1079524,2.383206
5.355490973708496,4.4420877,8.641236,10.433116,5.9910283
33.558229077712575,33.18561,36.819828,41.44617,8.260559
76.02355970794683,76.091866,81.55159,86.17455,10.082687
1.0,1.5808679,3.011557,5.3102984,3.7294307
1.8977296957306944,1.8850299,3.6760974,8.025221,6.140191
29.373277305884223,24.449718,28.739208,32.85868,8.408962
52.3194090859248,51.49407,58.94961,64.36274,12.868671
60.820809589109054,52.3307,59.720173,61.915726,9.585026
30.58163658077367,38.888687,41.89461,48.993996,10.105309
37.31149241552572,31.725294,36.309254,42.828796,11.103502
67.5493279934156,60.212334,65.59336,69.97152,9.759186
4.002100756733106,3.761083,5.5137672,8.39812,4.6370373
36.24290436375495,26.518381,32.71316,37.39598,10.8776
20.282686561618416,17.61001,19.543339,22.887642,5.2776318
80.51680883450403,64.72615,74.60522,81.64959,16.923439
38.44726479634948,35.549446,38.168575,43.956833,8.407387
75.96406621414393,66.89106,70.93159,78.3489,11.45784
10.478207434007526,8.078282,10.851883,17.031946,8.953664
85.30166939313808,80.09696,84.63563,97.57075,17.473785
85.80002042432542,86.82833,94.10148,100.75349,13.925156
1.0,0.49963585,-1.1743572,1.7646115,1.2649757
19.38609298678038,16.468416,18.97352,24.717848,8.249432
13.30184959874058,12.63868,12.3878765,21.76304,9.12436
73.4137887889381,71.15968,75.48585,82.757805,11.598122
81.43870623377131,76.068474,81.1364,86.489296,10.420822
16.233492883063054,13.818942,15.036867,22.620573,8.801631
21.390496508388548,11.180395,14.202346,15.739089,4.558694
3.0,0.9746443,1.0615252,3.6869478,2.7123036
66.0271730303405,62.11523,66.38638,72.99558,10.880352
40.60291798000053,50.763157,55.895977,60.876953,10.113796
52.58157705492648,51.007538,54.517696,64.22056,13.21302
26.531056539038183,21.358732,25.065376,28.991777,7.633045
2.5522527828993526,2.9976873,3.9062257,11.7430105,8.745323
91.58974827107942,75.19471,80.23971,86.43589,11.24118
42.92352996465363,35.245926,41.50021,46.98261,11.736683
24.24044420623256,21.50675,23.263592,29.124317,7.617567
20.1962302527746,15.186417,19.890472,22.84388,7.657463
35.57618010388604,30.958645,36.607346,39.4109,8.452255
14.556057318942475,12.400913,15.221744,20.57311,8.172197
19.66094068056868,15.196201,16.599436,22.852774,7.6565723
82.24292173649759,75.819756,82.45336,89.19727,13.377518
34.65453200196213,31.117704,34.2789,40.36463,9.246927
25.913573875306163,19.617655,22.27972,28.803402,9.185747
36.40035249043291,34.93469,39.52171,45.68566,10.750973
25.5384127790986,23.157696,28.484821,26.170717,3.0130215
13.575936154476588,10.638901,12.70232,15.705388,5.0664873
58.32222218950167,61.562782,68.36204,75.01625,13.453468
60.298333562930246,53.83165,57.186447,60.989216,7.157566
96.86094558739084,82.44027,88.99268,96.42,13.979729
20.49063247908153,17.72991,20.953583,26.417452,8.687542
88.84590668054658,79.71981,85.78297,93.189354,13.469543
78.37964098757054,76.361374,83.88181,86.1668,9.805428
20.79174969483922,22.592241,26.566853,32.11542,9.52318
98.43795189864832,87.02157,92.6668,98.60687,11.585304
33.31514758751043,28.802998,33.779015,39.1921,10.389103
8.323797976690658,3.4112685,9.454855,12.252507,8.841239
12.835518651029869,6.091658,9.208491,11.698,5.606342
26.042528151960177,28.048435,31.628914,38.194885,10.14645
61.82479121531847,56.3992,59.266117,63.875023,7.4758224
49.60109490480033,48.779305,52.91787,54.930275,6.1509705
90.29923512107,77.73689,84.300644,92.62187,14.884979
22.12991152274937,17.60366,18.539734,23.904116,6.300455
35.3200385860433,36.837196,40.755314,44.68598,7.8487854
36.64394396850017,33.05918,37.4993,41.82107,8.76189
40.50369995962642,37.892296,42.4145,48.695503,10.803207
43.29955143644535,35.415733,41.410152,43.52196,8.106228
91.24205021962928,76.62591,86.03678,92.53707,15.911163
59.99358875190828,68.438194,75.531395,81.36719,12.928993
64.67650024144692,61.271973,64.855484,67.72302,6.45105
8.002472976443403,4.7201943,6.118173,13.272506,8.552311
23.199306557354586,20.624884,22.981596,25.100029,4.4751453
3.0,2.3074176,2.9935517,4.2514787,1.944061
1.0,1.2341735,2.0946674,5.174327,3.9401534
32.46401665611307,31.983568,38.89125,41.06129,9.077723
23.72523915977458,23.0082,24.000301,30.172964,7.1647644
1.0,0.025810868,-0.82011926,0.8749561,0.8491452
85.00312128640846,73.36333,80.45508,88.34899,14.985664
41.58462375298728,42.28266,45.196808,48.66174,6.379078
46.34162876765377,37.382114,40.64431,45.23916,7.857044
25.1402060866387,25.079628,26.75604,28.86258,3.7829514
46.684069847451504,46.514275,50.36575,55.054337,8.540062
31.026129738266224,30.560144,34.784428,36.987274,6.4271297
1.0,-1.27169,0.7507199,4.524667,5.7963567
11.717523619348343,7.0688486,10.267205,14.425241,7.356393
62.84901847258455,58.00805,62.11722,66.3859,8.377853
65.76225765204659,63.571922,70.92951,75.68754,12.115616
3.0,1.1010706,1.4045448,5.2197604,4.1186895
1.0,0.68324864,1.4350165,2.233522,1.5502733
49.12374674425303,38.727318,44.38509,47.562904,8.835587
1.0,-0.09708455,3.497191,7.576073,7.6731577
65.58054857094794,56.40964,63.061028,66.411224,10.001583
18.980021356627624,17.306395,22.444855,27.604563,10.298168
37.4383860521074,32.94542,36.25401,42.148026,9.202606
97.36030172096922,83.63326,88.18562,94.48884,10.855576
1.0,-0.5170026,0.07337654,2.1879451,2.7049477
87.2061313813766,81.10868,86.652824,94.57066,13.461983
41.25127506013867,39.900017,44.513577,52.52994,12.629925
61.78749902968488,57.445457,59.347992,67.43981,9.994354
25.03986851096884,18.712116,21.792557,24.108393,5.3962765
44.646518574355376,41.804646,46.189415,51.93927,10.1346245
17.671382164212602,14.969247,15.435104,20.471575,5.502328
33.62434841656557,23.395046,28.476814,32.10844,8.713394
25.926872667608027,19.371317,25.021084,27.872578,8.501261
60.08480449745724,58.669106,63.74979,69.38663,10.717522
38.36840237235798,34.61888,37.149044,41.17767,6.5587883
45.85419992309729,42.484657,45.43262,51.129326,8.644669
19.94655675543174,14.286677,17.261076,22.30695,8.020272
47.59507626138992,44.303753,47.836514,53.800575,9.496822
11.43768030155132,4.436041,7.1406355,11.634479,7.1984377
56.399574154612026,49.245865,55.259136,59.267418,10.021553
20.172313782002764,13.413139,17.983953,22.49772,9.084581
18.217865201483367,12.439564,15.973277,17.048681,4.6091175
37.93037222021825,32.264748,37.832767,45.604958,13.34021
53.93183820154843,50.946964,55.218227,61.013035,10.066071
86.30835189186055,75.301,82.176414,89.29461,13.993607
70.29519354695853,65.82733,73.350174,76.427895,10.600563
7.773283017984266,4.9201555,7.810853,11.732013,6.811857
23.514717475408776,20.402254,25.851486,27.714745,7.3124905
13.447370187565896,10.966131,12.276239,15.877481,4.9113503
49.91196259733955,46.91214,53.72859,58.18876,11.276619
3.9130885243858926,1.5835496,4.7494817,7.894084,6.3105345
51.99919087366629,40.66062,43.626804,51.360878,10.700256
34.24570868717983,35.712463,40.757423,47.058342,11.345879
3.5238996459138816,4.7011228,4.4025016,11.8005705,7.0994477
10.561371062856804,7.0777764,11.743466,14.2976,7.2198234
16.711875618580315,13.321983,15.901772,22.753473,9.43149
78.51127757106181,66.29817,71.125755,79.85526,13.557091
13.259715469784664,5.6824536,9.584568,12.809512,7.1270585
95.41939825684452,82.72996,89.76333,95.8539,13.1239395
11.82756377105026,12.025944,11.836385,19.227425,7.201481
54.60856560087579,53.644676,59.437084,66.734535,13.089859
88.78243498313239,88.01763,94.62315,102.94076,14.923126
92.3266894216811,84.38851,90.363525,96.55898,12.170471
16.82965182850016,10.560659,15.096563,20.458324,9.897665
24.42878238671668,22.603544,25.401495,29.328972,6.7254276
22.464117770760648,16.662058,19.8214,22.572151,5.9100933
74.63496859340415,60.766247,67.51446,72.670334,11.904087
91.5946044899613,80.97207,87.21474,97.696465,16.724396
38.64206095273099,33.376884,37.793285,42.981995,9.60511
53.37140635750829,51.00138,55.8584,60.25642,9.255039
16.140325945060745,11.2259445,15.011114,19.474117,8.248173
3.059838042051335,1.0382417,4.4569693,7.7843847,6.746143
81.25353924425788,76.9624,82.23156,90.718895,13.756493
49.25971806591457,38.58261,44.17806,49.661568,11.078957
19.597504046396395,15.255111,20.643303,23.41216,8.15705
74.72153974687869,60.161987,66.921196,75.066246,14.904259
14.069843434663245,6.780304,10.883167,17.785732,11.005428
7.360749010735894,5.3610654,8.321471,11.5132265,6.152161
44.35105839490619,36.660164,43.081345,46.394535,9.734371
56.3284507280313,51.878498,57.83527,58.93863,7.060131
19.56011464767029,19.153456,20.843277,25.423264,6.269808
56.31656189271399,47.745712,51.785328,58.101265,10.355553
29.479425134936086,26.462576,34.301468,39.550888,13.088312
23.424224296921015,16.45606,20.229517,23.538996,7.0829353
10.867554936924432,10.079798,9.764897,13.788161,3.7083635
17.156230431147556,14.220673,19.321148,22.277258,8.056585
5.575127706543022,7.9766355,9.832397,11.930729,3.9540935
104.33315621939455,90.10355,96.7884,103.10847,13.004913
27.21913903605329,26.168154,26.82493,31.420565,5.252411
80.01163736046887,71.09395,77.227,80.977715,9.883766
59.82205482863723,48.98924,53.074833,58.910744,9.921505
72.94436593935089,59.669373,62.01983,69.931564,10.262192
61.303032004946935,60.845924,67.87983,72.5728,11.726875
40.85920397015067,33.96286,37.530663,41.61273,7.649868
8.540477145845259,6.2172656,10.255688,13.357528,7.140262
75.14996911746319,65.78862,72.51574,74.69392,8.905296
71.54682219178997,73.67958,77.21479,86.27599,12.596413
68.86108905712496,66.19363,72.774345,78.391304,12.197678
1.0,0.74376184,1.7553296,4.3070316,3.5632699
41.55788229872658,37.21934,40.50243,45.24742,8.02808
88.38682915157158,80.98194,86.66994,94.09307,13.11113
44.24800588756958,40.711,42.893982,49.74845,9.037453
41.55725432739832,44.51888,48.950005,51.410015,6.891136
21.532613431445085,12.69112,16.096502,20.445082,7.7539616
12.007316077063818,8.791237,10.238191,12.019314,3.228077
73.99511239858485,76.3345,79.550514,86.49458,10.16008
55.816597177146136,49.231495,54.799557,61.119843,11.888348
15.095331247724785,11.630997,18.17089,22.183855,10.552858
16.352249485096607,12.448284,16.173023,19.165968,6.717684
36.01780097529792,27.884996,33.173664,38.806126,10.921129
78.14721378110956,76.367485,79.33933,84.609764,8.242279
49.69013568642119,40.16111,44.564617,49.037895,8.876785
73.15147268554753,75.726875,79.85082,88.40002,12.6731415
31.38738659517343,29.337286,34.53106,36.557987,7.220701
58.93937485959193,58.529068,63.942585,68.93914,10.410072
55.6172885779928,50.96147,54.96596,59.851826,8.890354
30.42859658523018,23.464533,26.30888,27.197771,3.7332382
89.8306212916242,77.13351,83.14443,87.135414,10.001907
1.35938610276794,3.9950628,5.1263695,11.046631,7.051568
38.54173568751498,36.24327,39.25822,42.306957,6.0636864
91.2507758514393,85.84171,92.549965,99.045784,13.204071
19.98095661524077,15.8175125,20.205284,24.321447,8.503935
18.244569495253632,15.215008,19.386703,20.360382,5.1453743
46.20874869644815,38.517723,42.05531,48.281364,9.763641
1.0,0.610872,1.1215986,1.3990941,0.78822213
89.05674417929512,82.26113,87.066376,89.38171,7.120575
21.439987340330937,22.533777,23.30083,25.683117,3.1493397
62.115312533111066,67.25396,71.63292,78.70649,11.45253
16.53207227660503,15.914282,20.712208,21.69516,5.780878
94.86919952227056,87.26085,92.55704,101.39332,14.132469
1.0,1.1148564,-0.15549839,4.5063972,3.391541
3.739223236770099,2.5942774,4.5105386,7.9058275,5.31155
35.86705996072016,28.344406,30.040012,35.909103,7.5646973
9.598826293239892,7.417602,9.69166,14.824423,7.406821
8.151206253850786,7.866464,9.125206,12.485939,4.619475
67.50987484124177,61.720253,69.936455,75.93959,14.219337
17.739475201550036,14.04324,18.156576,20.45083,6.407591
12.969511152868078,10.760518,13.629949,14.203508,3.4429903
31.27817763959462,26.380766,29.98276,33.71256,7.331793
26.87563922531785,24.053293,26.884197,32.87925,8.825956
5.269031040373955,3.4407783,4.204432,8.537303,5.0965247
80.39542923143662,69.1628,73.07857,81.46629,12.30349
3.0,1.1585203,1.6442645,3.7824407,2.6239204
15.23831752705676,10.356382,13.257286,21.253637,10.897255
41.389787464203074,38.322754,43.177036,44.502975,6.1802216
8.865963846768265,9.670279,10.6792345,13.827126,4.156847
3.0,1.4717778,1.2897445,2.668648,1.1968702
55.881731706219625,45.172848,52.62792,59.74688,14.574032
29.702752146775826,27.027613,28.82993,32.81827,5.790659
12.781080702223692,8.088629,12.2964735,14.62,6.531371
1.0,0.75895846,1.7837505,4.9797263,4.220768
73.06468810120198,68.48422,74.58236,79.990326,11.5061035
37.81366187309602,28.01873,32.681118,38.67791,10.65918
97.52406718571696,88.24508,94.32209,103.69929,15.454208
7.47336307611309,3.405718,3.40762,9.298315,5.892597
16.565309976946303,9.062386,13.152157,19.094847,10.032461
8.82961965618958,1.5698924,5.0514927,10.753922,9.184031
22.100527065717493,18.215796,22.714394,27.82829,9.612495
8.958540728555137,7.5456815,10.105593,13.926735,6.3810534
3.0,2.9638493,3.013739,6.150522,3.186673
31.641458394638292,30.207201,31.570019,40.443245,10.236044
28.34285388762452,23.934057,29.040741,30.804972,6.8709145
85.91836426136959,72.22511,77.115616,88.08893,15.863815
12.995150093130746,9.843863,13.262215,16.360228,6.516365
45.21587977005687,46.380966,52.044018,57.243393,10.862427
93.04179010420646,83.21449,90.454834,94.76159,11.547096
1.0,2.524425,0.8460442,4.526888,2.0024629
36.355973927022056,29.900282,33.713413,35.951653,6.0513706
28.19829314333543,23.881071,28.0624,34.98487,11.1038
34.05227076757133,27.88169,31.337925,37.16529,9.283602
21.61870626917454,17.289625,20.845905,24.970697,7.681072
18.667198347774345,19.048338,24.825,26.235748,7.1874104
47.54488253750746,44.41857,47.816883,53.553337,9.134766
19.16220459087777,19.045126,21.970762,25.564407,6.5192814
44.16479820703301,41.101936,42.603943,45.497963,4.3960266
74.0856393075495,66.24517,71.15392,76.81871,10.57354
30.44017877122925,28.589245,33.00341,35.662632,7.073387
35.00400508019364,27.246862,31.569609,37.73777,10.490908
74.93738952638064,60.548874,67.6348,72.6114,12.062523
1.8390223971715989,1.2539358,2.980719,6.6871824,5.4332466
56.5767560954852,46.159615,50.920506,54.953705,8.79409
49.40686608067856,47.767944,51.588993,58.145836,10.377892
26.56401840355185,23.039564,27.243637,31.009954,7.9703903
40.72998018644631,38.97486,44.5306,50.340607,11.365746
63.22653330272987,60.568024,64.25313,70.69689,10.128868
57.4896246352124,47.391098,50.25863,58.18972,10.798622
92.8123173347158,85.10496,89.460915,94.90229,9.797333
40.41589965233729,35.374634,39.198387,47.09767,11.723038
33.1387154719557,28.201235,32.626255,35.817757,7.616522
79.8859096024504,67.34522,74.28369,79.37925,12.034027
46.89356674165676,40.988968,45.097218,47.325184,6.336216
36.55657607783739,38.597237,40.54977,47.52679,8.929554
66.1818413845394,56.401615,63.878796,70.21244,13.810825
88.57971819383545,81.30961,88.28376,95.982315,14.672707
91.12331423384316,82.345634,95.085785,106.73017,24.384537
59.83512844245545,64.13123,66.31046,74.0626,9.931366
6.69986838433868,5.306968,8.8952875,15.491196,10.184227
19.0976670215872,11.627359,13.554512,17.15814,5.530781
39.025756643123074,33.830666,36.279835,40.728497,6.897831
77.34438929734239,71.51505,72.40812,79.47001,7.954956
53.47787905956356,54.538525,57.06966,59.77702,5.238495
52.34088966125905,54.652016,57.982647,66.290016,11.6380005
6.6340948944621,2.5403478,3.3683453,8.872611,6.332263
84.99783809287685,73.7133,79.09249,84.3107,10.597397
1.0,1.082303,0.28839183,3.3606248,2.2783217
6.295634897210497,2.5532079,4.8641405,10.221325,7.668117
47.098335977429095,50.87429,51.20013,55.66184,4.787548
35.93080649317245,25.912636,30.873285,35.83872,9.926083
92.81622429566308,78.73722,84.11677,87.85737,9.120148
1.0,1.1624153,1.2883223,3.0054586,1.8430433
3.0,1.9812225,2.1097088,4.2782454,2.2970228
71.18679709315941,71.79588,78.64326,81.60742,9.811539
51.3685175807948,53.314014,56.242924,61.95759,8.643574
24.22337427722241,21.943945,23.98789,29.672024,7.728079
46.20216815694952,48.089077,55.0408,58.45938,10.370304
37.69758092636621,28.93881,32.66032,38.024673,9.085863
18.585787729380858,13.751215,18.218044,19.694431,5.9432163
1.0,-0.762303,2.206133,4.754216,5.516519
1.0,1.0666298,-1.0988309,3.1866007,2.1199708
1.3054374866232334,2.111516,3.17831,7.231438,5.119922
5.014248328509111,0.5542606,2.6322446,5.207787,4.6535263
33.2037086349178,32.210903,35.997902,38.821823,6.61092
4.2344744361617845,2.7106493,3.2902656,7.253767,4.5431175
23.236983142410104,19.399021,24.751827,28.162214,8.763193
26.500668923059383,24.509916,28.285374,32.73083,8.220915
22.425350432762094,15.980879,21.467579,24.771843,8.790964
77.71984189175622,74.06964,79.36342,87.53681,13.467171
2.4784473489723577,1.3133655,3.1150022,4.4817815,3.168416
3.6445341430919287,3.797577,6.0183496,9.464109,5.6665325
74.55874980647238,74.07335,80.26519,84.209946,10.136597
1.0,0.2880049,-0.20557797,2.9024324,2.6144276
25.115740837984998,21.34331,24.401005,28.117083,6.773773
88.78485001629294,82.4458,91.1211,96.30291,13.857109
26.53820273590594,23.73858,25.159037,29.065325,5.326744
1.9066191832330004,1.2851169,2.9176278,4.23044,2.9453232
3.0,1.644992,2.4897013,4.5206842,2.8756924
17.763393733572947,17.893873,21.539253,30.00515,12.111277
79.42767327191034,73.64855,79.40677,83.83825,10.189697
67.07928772196556,62.827564,74.15368,80.46496,17.637394
1.0,-0.42648104,0.344424,1.8248863,2.2513673
68.55337033206037,61.510883,67.84513,72.89115,11.380268
48.81397481795568,47.074223,51.552044,60.16893,13.0947075
64.68138378150925,57.535515,59.97495,66.35934,8.823822
58.20906237756687,54.611717,59.41027,62.3397,7.7279816
58.44798529971861,55.175682,59.19585,66.853004,11.677322
3.0,0.18476018,2.673768,3.9750593,3.7902992
1.0,-0.23269245,-0.21126366,1.8931756,2.125868
36.37708232220751,31.46263,34.02354,39.992607,8.529978
78.71618138056671,68.57686,74.935036,84.538315,15.961456
1.0,-0.44733343,0.18934786,2.567131,3.0144644
100.57602221493204,97.06191,101.498085,111.67989,14.617981
81.7266273016553,71.2645,77.01058,83.8473,12.582794
54.96966097568034,53.19895,57.726,60.462738,7.2637863
71.6093553316985,70.02447,74.8122,82.28527,12.260803
32.56732603684592,33.87774,35.884277,39.02204,5.1443024
5.801942054787796,2.0257833,3.8947225,6.501897,4.4761133
55.83145914098812,50.272057,56.7015,60.178497,9.906441
3.0,1.5871242,1.284814,2.6988378,1.1117135
8.213972649468435,3.4677062,5.9918056,9.33594,5.868234
65.95783762508256,69.12897,73.113045,79.493355,10.3643875
73.91953030072227,71.11944,77.7181,84.22212,13.102684
29.91985345940575,31.901957,36.40524,40.458923,8.556967
53.15219330299768,47.161255,53.07265,58.310326,11.149071
1.7577260782318471,1.064466,4.4460163,7.131868,6.067402
35.484750154858304,33.749996,37.268818,39.606163,5.856167
60.549238999753776,47.542206,54.4157,61.50406,13.961853
66.45080778115812,64.59893,68.34873,76.63762,12.038689
1.0,0.20857331,0.54269874,1.2346122,1.0260389
46.40352247898933,49.774384,53.250576,60.77698,11.002598
75.23841225698077,73.03286,78.35371,86.51205,13.479187
45.857249125314695,42.583576,44.3406,49.954147,7.370571
76.37623366436634,73.42102,78.62826,84.51439,11.093369
29.03790710336426,27.845098,31.856197,35.666817,7.821718
15.342276979887629,7.3127303,10.205818,11.985176,4.672446
25.83004079190936,22.713106,26.989605,31.782093,9.068987
9.811124573174991,3.6957586,8.74311,9.539125,5.8433666
15.124718513252962,9.789634,13.96267,15.479354,5.68972
1.785838023361995,0.36620945,2.8823771,6.3162107,5.9500012
3.0,2.5897942,4.881185,9.069119,6.4793253
66.64628256508433,63.551014,67.821495,73.96008,10.409069
45.06124484976925,44.917164,48.24857,53.622017,8.704853
16.726995214750836,16.930716,18.145063,24.38201,7.451294
1.0,0.61256266,2.955533,4.2789245,3.6663618
58.81200989938968,49.298233,55.439804,59.93134,10.633106
1.0,1.5765052,3.1234684,6.2132287,4.6367235
32.4797936856606,31.387686,36.008366,42.746613,11.358927
96.76857543909634,79.22422,87.10396,90.53417,11.309952
68.81926879526,64.76022,71.50684,74.390785,9.630562
55.51445203803702,47.67012,50.130623,54.367245,6.6971245
66.55896920322274,60.295956,64.183586,68.789696,8.49374
53.8360054547846,48.22671,49.585346,55.34672,7.1200104
55.41527682690498,50.965015,56.554462,59.574257,8.6092415
55.67778607094928,48.83812,54.009903,57.848972,9.010853
13.445907698296256,5.5771804,10.1425495,12.084829,6.507649
54.88204581117262,49.126884,53.435173,58.68936,9.562477
55.3079010311813,42.486282,47.215878,53.145676,10.659393
1.0,0.08523643,0.9813053,1.0568023,0.97156584
64.53244392167647,59.794937,64.55523,68.85915,9.064217
18.0521948511142,20.718813,21.29835,28.02798,7.309168
37.43918375505088,32.996502,35.9718,39.07449,6.0779877
13.11014374225224,14.019272,16.573048,20.798132,6.77886
82.76324875785242,71.08003,77.05112,84.37767,13.297638
61.42816799578885,63.598267,68.39315,73.91443,10.316162
1.0,0.24031186,-0.40720892,2.2875853,2.0472734
5.232594802887959,4.0818763,5.3646803,5.436233,1.3543568
10.236842696837655,7.529556,12.433068,14.49882,6.9692645
1.0,1.1459063,-0.1684115,1.7609038,0.6149975
1.0,1.881775,2.283948,4.865961,2.9841862
78.05800573800359,70.10946,74.674126,84.42147,14.312012
11.495538607640857,5.426908,5.74017,14.625352,9.198444
22.81155401240504,15.145123,23.878607,25.351131,10.206009
8.92373356920676,6.833145,10.819128,15.290206,8.457061
13.025069976126602,12.116241,17.09063,21.130466,9.014225
32.22759304287275,24.023237,27.910002,33.11231,9.089071
32.00568143640735,29.484049,34.931515,40.952232,11.4681835
27.558670282342103,22.25986,23.536877,26.80349,4.5436306
90.37390281886924,88.15539,93.497795,99.59089,11.435501
66.97160745797063,59.788998,64.650215,68.36639,8.577389
12.139826213206064,8.607891,11.047857,15.70198,7.0940886
31.613030290084836,33.675385,36.074898,40.002617,6.3272324
12.529428677479926,6.996965,9.5292015,13.245514,6.248549
35.32912870192153,34.553883,39.258114,43.399372,8.8454895
10.98064430419859,7.4148946,10.955867,16.675247,9.260353
74.68425377812146,69.12324,73.924995,83.75234,14.629105
33.00755054629366,23.710133,26.907879,33.7825,10.072369
30.925870251682284,26.113426,28.56823,33.712646,7.5992203
42.36860220431862,36.334812,41.552948,48.255478,11.920666
51.44683899869189,50.788612,55.58815,61.63442,10.845806
53.45279803550012,42.625145,46.480007,51.593014,8.967869
1.0,0.44226635,1.3282267,4.0438375,3.601571
40.53897358753895,35.062157,39.93369,43.242275,8.180119
49.60488552534326,52.59102,58.6681,65.4169,12.825882
54.02230653867164,52.521847,52.791813,58.58107,6.059223
85.47160817068283,79.35426,85.04925,95.41508,16.060814
64.4898430837526,62.66079,67.67542,75.00303,12.342239
10.085588957678748,5.466013,6.5032253,9.875371,4.409358
15.092706371659109,10.934241,15.0675335,16.700003,5.7657614
64.73861454510434,60.038845,64.64632,68.423225,8.38438
1.0,1.5046818,1.7803404,4.9432983,3.4386165
20.159836464208905,16.984308,21.480978,24.575119,7.590811
1.0,-0.24672887,-1.0704409,1.7616367,2.0083656
26.931193525359426,20.98106,25.057343,31.295845,10.314785
42.70418085121443,35.934185,42.368214,46.149208,10.215023
22.600887661875145,20.734207,24.977345,28.067081,7.3328743
1.0,0.11739457,-0.39161348,-0.85749024,-0.9748848
27.840523930729745,27.300676,27.587858,31.782263,4.4815865
70.32761813763987,70.31396,72.56689,78.9288,8.614845
2.4964763025801875,1.6342493,4.8278494,5.6101656,3.9759164
84.03134532530102,73.07848,78.63385,84.89252,11.8140335
84.34677188967261,80.51243,88.56007,95.01261,14.500183
1.0,0.48193437,1.4859004,4.5633883,4.081454
62.490223107566536,62.941803,66.66656,67.541275,4.599472
24.923891240184453,20.744286,22.94785,27.172235,6.42795
80.37485668045491,64.14691,71.83387,77.36518,13.218269
26.389242655785367,21.677948,26.75395,31.696367,10.018419
40.68097722822598,35.36504,40.266064,45.55224,10.187199
76.25600011701762,66.70278,73.57766,80.81802,14.115242
4.359198850249701,7.427482,8.043774,10.90799,3.4805083
51.28326852263218,42.658386,46.79774,53.024727,10.366341
25.13082025619713,21.433735,25.360014,32.74134,11.307606
8.774323188444292,8.817684,11.324574,13.628988,4.811304
15.395944208397305,15.16811,15.528095,21.206352,6.0382423
50.24795906956225,48.992043,52.376602,58.191353,9.19931
48.675066243639016,46.54563,53.51852,56.649746,10.104115
31.685367639174768,27.168783,29.855196,34.252815,7.084032
69.54072321017115,72.071556,76.59509,81.91854,9.846985
14.587183117871682,6.724697,9.920915,13.882703,7.1580057
21.44006258735704,15.017416,16.410854,16.23775,1.2203331
59.62158560823735,52.864647,59.501743,61.381798,8.517151
67.47170677251515,57.86888,64.22924,70.20821,12.339333
21.51126294199995,16.369524,22.000084,24.78532,8.415796
50.21197463425379,44.77398,49.52127,54.421806,9.647827
77.74899561307002,72.09132,78.54096,85.88909,13.797775
7.418806705445089,5.970526,4.4725094,13.485604,7.515078
79.55322474269228,71.27415,74.88354,81.08732,9.813171
36.8654890638244,39.215973,40.361805,42.418877,3.2029037
58.9654928712212,50.689636,55.089226,60.52946,9.839825
28.27637368065786,23.41356,28.645258,31.56121,8.14765
40.32103669018405,30.060928,34.693863,38.594604,8.533676
39.43016414284637,38.070614,42.358562,50.184975,12.114361
41.11728956177985,32.70401,36.671146,44.14737,11.443359
4.459288582041314,3.0913668,4.9494095,7.7369237,4.645557
1.0,1.3533074,2.8374248,5.796027,4.44272
5.945251679448373,4.829468,8.725569,13.177606,8.348138
21.01273200043661,13.761309,18.181305,21.903028,8.14172
84.85322662991453,85.15925,87.09524,96.38397,11.224724
64.49443388177622,61.186836,62.966072,68.85755,7.6707153
71.07423856796511,59.303833,67.16373,70.066696,10.762863
83.25664716184116,76.14759,82.461334,90.09499,13.947403
46.068536979742646,39.339054,39.76697,42.389084,3.0500298
24.643532614164737,26.515596,30.323523,35.510067,8.994471
23.769292958372617,19.991453,22.811537,25.916155,5.9247017
13.999317584377282,9.15197,11.390016,17.780111,8.628141
16.49495308528072,12.166599,15.62464,18.477016,6.310417
4.766767032004328,1.4486917,3.4289393,4.7132645,3.2645726
4.797754029740751,4.736689,8.619289,10.926274,6.189585
89.22476131430861,79.98562,84.49679,91.31916,11.333542
41.36926816734766,36.9833,40.69343,47.349434,10.366135
30.753580944324128,24.63186,24.683315,31.806114,7.1742535
23.280500861413103,26.918686,33.49804,36.59574,9.677055
1.0,0.7712946,-0.27597558,1.6137097,0.8424151
72.12362494572218,70.080894,72.18911,84.969765,14.88887
14.520036415671546,8.278506,11.007956,16.879423,8.600917
1.0,1.0539947,2.4743686,5.091956,4.0379615
1.0,-0.44038,0.3653885,-0.29020923,0.15017077
63.68653851960847,58.94609,61.96056,66.47479,7.528702
41.82412713678941,34.570335,40.546234,46.43596,11.865623
63.845574818787895,64.3923,68.140594,78.74229,14.349983
92.06276635217498,82.91199,90.698395,94.58733,11.675346
13.80506992207585,10.749643,15.805744,19.210377,8.460733
3.0,2.944236,3.3283963,5.257893,2.313657
16.59137662592945,11.35483,14.417952,17.478842,6.124012
69.3274821404334,68.86356,71.0297,77.76525,8.901688
91.71583877182516,82.0628,88.4546,94.08028,12.017479
18.09415790909361,15.346376,19.169586,21.020985,5.674608
25.72703095591439,19.896261,22.380753,28.051918,8.155657
6.769944327868084,2.522986,6.6133614,7.947954,5.4249682
17.830411982341623,13.609171,16.962158,18.201674,4.5925026
